product_id,author_name,rating,comment,approved
vibrador-bluetoooth-controle-no-celular-9-modos-de-vibracao,Lívia Pereira,5,Simplesmente perfeito! O controle pelo celular facilita muito e os 9 modos são incríveis.,1
vibrador-bluetoooth-controle-no-celular-9-modos-de-vibracao,Beatriz Fonseca,5,"Melhor compra que fiz este ano. Discreto, potente e o aplicativo funciona super bem.",1
vibrador-bluetoooth-controle-no-celular-9-modos-de-vibracao,Sabrina Lopes,5,Maravilhoso! O toque dele é super macio e as vibrações são muito potentes.,1
vibrador-bluetoooth-controle-no-celular-9-modos-de-vibracao,Olívia Lima,5,Adorei a conectividade bluetooth. Dá para usar sozinha ou com o parceiro à distância.,1
vibrador-bluetoooth-controle-no-celular-9-modos-de-vibracao,Yasmin Alves,4,Superou todas as minhas expectativas. Muito fácil de usar pelo celular e a bateria dura bem.,1
vibrador-bluetoooth-controle-no-celular-9-modos-de-vibracao,Paloma Fonseca,5,"Amei demais! Os modos de vibração são bem variados, um melhor que o outro.",1
vibrador-bluetoooth-controle-no-celular-9-modos-de-vibracao,Bianca Ferreira,5,"Produto excelente, entrega rápida e super discreta. Recomendo muito!",1
vibrador-bluetoooth-controle-no-celular-9-modos-de-vibracao,Flávia Machado,5,O controle pelo aplicativo é sensacional. Muito moderno e prático para o dia a dia.,1
vibrador-bluetoooth-controle-no-celular-9-modos-de-vibracao,Camila Santos,4,Estou encantada com a qualidade desse vibrador. Material muito confortável e premium.,1
vibrador-bluetoooth-controle-no-celular-9-modos-de-vibracao,Fernanda Carvalho,5,Sensacional! Um investimento que vale cada centavo. Muito potente.,1
vibrador-bluetoooth-controle-no-celular-9-modos-de-vibracao,Olívia Azevedo,5,"Gente, comprem sem medo. A conexão com o celular é perfeita e não falha.",1
vibrador-bluetoooth-controle-no-celular-9-modos-de-vibracao,Gisele Santos,5,Muito bom mesmo. O design é lindo e as funções de vibração são ótimas.,1
vibrador-bluetoooth-controle-no-celular-9-modos-de-vibracao,Clarice Martins,5,"Estou completamente apaixonada por esse produto! A conexão via bluetooth com o aplicativo de celular é super estável e fácil de configurar. Os 9 modos de vibração oferecem uma variedade incrível de intensidades, ideal para todos os momentos. Recomendo de olhos fechados!",1
vibrador-bluetoooth-controle-no-celular-9-modos-de-vibracao,Simone Pinto,5,"Uma das melhores aquisições que já fiz. O controle pelo celular traz uma dinâmica totalmente nova e divertida. O material é extremamente macio e confortável na pele, e o fato de ter nove modos de vibração diferentes faz com que ele nunca fique monótono. Nota dez!",1
vibrador-bluetoooth-controle-no-celular-9-modos-de-vibracao,Raquel Melo,5,"O produto é maravilhoso e super discreto. Conectar no celular foi muito simples e os comandos respondem na hora. O que mais gostei foi a variação dos 9 modos de vibração, dá para ir testando do mais suave até o mais intenso de forma bem gradual e gostosa.",1
vibrador-bluetoooth-controle-no-celular-9-modos-de-vibracao,Jéssica Almeida,5,"Simplesmente sensacional! Ele mudou completamente a minha rotina de autocuidado. O controle por aplicativo funciona perfeitamente bem, as vibrações são surpreendentemente fortes para o tamanho dele e a bateria tem uma durabilidade excelente. Vale muito a pena o investimento.",1
vibrador-bluetoooth-controle-no-celular-9-modos-de-vibracao,Luana Santana,5,Produto incrível de altíssima qualidade! O silicone dele é super premium e muito gostoso ao toque. Usar pelo celular deixa tudo mais prático e os nove modos diferentes de vibração garantem sensações únicas a cada uso. Chegou super rápido e em embalagem totalmente discreta.,1
vibrador-bluetoooth-controle-no-celular-9-modos-de-vibracao,Sabrina Silva,5,"Superou minhas expectativas em todos os sentidos. O aplicativo de celular é muito intuitivo e permite controlar tudo de forma bem simples. As nove funções de vibração são muito bem distribuídas, desde ritmos mais calmos até os mais intensos. Estou muito satisfeita com a compra.",1
vibrador-bluetoooth-controle-no-celular-9-modos-de-vibracao,Karina Coelho,5,"Amei a experiência de controlar tudo diretamente pela tela do celular. O bluetooth emparelha super rápido e não fica caindo. O aparelho em si é muito potente, silencioso e os 9 modos são muito divertidos para explorar sozinha ou acompanhada. Com certeza recomendo!",1
vibrador-bluetoooth-controle-no-celular-9-modos-de-vibracao,Letícia Dias,5,"Esse vibrador é perfeito! O tamanho é ideal, super discreto e o material é de primeira linha. A função bluetooth no celular torna tudo muito mais prático e moderno. Os nove modos de vibração são incríveis e a intensidade dele me surpreendeu bastante de forma positiva.",1
vibrador-bluetoooth-controle-no-celular-9-modos-de-vibracao,Sabrina Gomes,5,"Achei fantástico o controle por aplicativo. Ele é muito fácil de lavar e guardar, super higiênico. As vibrações são maravilhosas, com os 9 modos dá pra brincar bastante e encontrar o ritmo perfeito para cada dia. Com certeza farei novas compras nessa loja.",1
vibrador-bluetoooth-controle-no-celular-9-modos-de-vibracao,Natália Dias,5,"Maravilhoso! O aplicativo de celular é ótimo porque dá total autonomia, e a conexão bluetooth é bem rápida. Os nove modos de vibração atendem muito bem e a potência dele é incrível. Fiquei impressionada com o silêncio dele mesmo nas velocidades mais altas.",1
vibrador-bluetoooth-controle-no-celular-9-modos-de-vibracao,Gabriela Ferreira,4,Muito satisfeita com a minha compra. O material de silicone é incrivelmente macio e confortável. Controlar pelo aplicativo do celular é super moderno e os 9 modos de vibração são simplesmente perfeitos para relaxar. Entrega super rápida e segura.,1
vibrador-bluetoooth-controle-no-celular-9-modos-de-vibracao,Erika Alves,5,"Excelente produto, cumpre exatamente tudo o que promete no anúncio. A integração com o celular via bluetooth é perfeita e os 9 modos de vibração são bem fortes e variados. Além de tudo, ele é super lindo e anatômico. Recomendo a todas as mulheres!",1
vibrador-bluetoooth-controle-no-celular-9-modos-de-vibracao,Carolina Nascimento,5,Adorei a facilidade de usar o bluetooth. O aplicativo é super leve e não trava. Os modos de vibração são excelentes e bem distribuídos.,1
vibrador-bluetoooth-controle-no-celular-9-modos-de-vibracao,Gisele Soares,5,Sensacional para usar a dois. O controle pelo celular permite que o parceiro participe mesmo de longe. Os 9 modos são muito criativos.,1
vibrador-bluetoooth-controle-no-celular-9-modos-de-vibracao,Camila Correia,4,O material é impecável e muito confortável. A conexão bluetooth com o celular é super simples e os nove modos de vibração são fantásticos.,1
vibrador-bluetoooth-controle-no-celular-9-modos-de-vibracao,Milena Melo,5,Gostei muito do design e da cor. Ele é super discreto e potente. O aplicativo de celular funciona muito bem e tem ótimas opções de ritmo.,1
vibrador-bluetoooth-controle-no-celular-9-modos-de-vibracao,Heloísa Moreira,5,Um produto indispensável! O controle remoto pelo aplicativo do celular traz muita praticidade e os 9 modos garantem que nunca caia na rotina.,1
vibrador-bluetoooth-controle-no-celular-9-modos-de-vibracao,Fernanda Castro,5,"Perfeito para o dia a dia! Muito pequeno, discreto e silencioso, mas com uma potência que impressiona. O controle via celular é excelente.",1
vibrador-bluetoooth-controle-no-celular-9-modos-de-vibracao,Tatiane Moura,5,Estou usando há uma semana e amando! Os nove modos de vibração mudam completamente a experiência e controlar pelo celular é tudo de bom.,1
vibrador-bluetoooth-controle-no-celular-9-modos-de-vibracao,Juliana Andrade,5,"O melhor é a textura do silicone, super premium. O aplicativo conecta via bluetooth instantaneamente e as funções de vibração são incríveis.",1
vibrador-bluetoooth-controle-no-celular-9-modos-de-vibracao,Elaine Martins,5,Muito tecnológico e funcional. O controle pelo celular responde muito rápido aos comandos e os 9 modos de vibração são muito prazerosos.,1
vibrador-bluetoooth-controle-no-celular-9-modos-de-vibracao,Simone Rodrigues,5,Uma experiência incrível! Nunca tinha usado um vibrador com controle por celular e achei maravilhoso. Os ritmos de vibração são ótimos.,1
vibrador-bluetoooth-controle-no-celular-9-modos-de-vibracao,Camila Guedes,4,Super discreto e elegante. O bluetooth conecta sem problemas e o aplicativo de celular é muito fácil de mexer. Recomendo com certeza!,1
vibrador-bluetoooth-controle-no-celular-9-modos-de-vibracao,Olívia Vieira,5,As vibrações são maravilhosas e bem fortes. O aplicativo para celular dá total liberdade e os nove modos integrados são um super diferencial.,1
vibrador-bluetoooth-controle-no-celular-9-modos-de-vibracao,Fernanda Almeida,4,"Excelente custo-benefício. O material é ótimo, o bluetooth funciona perfeitamente pelo celular e os nove modos cobrem todas as intensidades.",1
vibrador-bluetoooth-controle-no-celular-9-modos-de-vibracao,Gabriela Moreira,5,Estou muito feliz com o produto. O controle via celular traz um charme extra e as nove opções de vibração atendem a todas as expectativas.,1
vibrador-bluetoooth-controle-no-celular-9-modos-de-vibracao,Sabrina Freitas,4,Design maravilhoso e ergonômico. Muito fácil de sincronizar com o celular e os modos de vibração são simplesmente espetaculares.,1
vibrador-bluetoooth-controle-no-celular-9-modos-de-vibracao,Lívia Andrade,5,Simplesmente perfeito para relaxar. A potência dele é excelente e os 9 modos mudam totalmente o ritmo. O app de celular é muito prático.,1
vibrador-bluetoooth-controle-no-celular-9-modos-de-vibracao,Karina Andrade,5,Material super macio e de muita qualidade. O aplicativo de celular responde super rápido e os modos de vibração são fantásticos e fortes.,1
vibrador-bluetoooth-controle-no-celular-9-modos-de-vibracao,Carolina Carvalho,5,Superou o que eu esperava. O bluetooth conecta muito rápido no celular e os 9 modos de vibração variam bastante a intensidade. Excelente!,1
vibrador-bluetoooth-controle-no-celular-9-modos-de-vibracao,Nicole Fernandes,5,"Discreto, bonito e muito potente. O controle pelo aplicativo de celular é inovador e muito prático. Os 9 modos são maravilhosos.",1
vibrador-bluetoooth-controle-no-celular-9-modos-de-vibracao,Raquel Araújo,4,O produto é sensacional. O silicone é muito agradável ao toque e o controle via celular funciona perfeitamente bem em qualquer momento.,1
vibrador-bluetoooth-controle-no-celular-9-modos-de-vibracao,Manuela Rodrigues,5,"Amei as 9 opções de vibração, são bem diferenciadas. A conectividade bluetooth com o celular deixa o uso muito mais livre e confortável.",1
vibrador-bluetoooth-controle-no-celular-9-modos-de-vibracao,Gisele Moura,5,"Fácil de carregar, limpar e usar. O aplicativo de celular é excelente e os 9 modos de vibração são perfeitos para explorar novas sensações.",1
vibrador-bluetoooth-controle-no-celular-9-modos-de-vibracao,Karina Melo,5,A tecnologia dele é maravilhosa. Conecta super bem via bluetooth e os comandos pelo celular são imediatos. Potência excelente e macio.,1
vibrador-bluetoooth-controle-no-celular-9-modos-de-vibracao,Viviane Lopes,5,"Recomendo fortemente! Um produto de muita qualidade, com 9 modos de vibração intensos e um controle por celular incrivelmente estável.",1
